<?xml version="1.0" encoding="UTF-8"?>
<beans xmlns="http://www.springframework.org/schema/beans"
xmlns:tx="http://www.springframework.org/schema/tx"
xmlns:xsi="http://www.w3.org/2001/XMLSchema-instance"
xmlns:context="http://www.springframework.org/schema/context"
xmlns:mvc="http://www.springframework.org/schema/mvc"
xsi:schemaLocation="http://www.springframework.org/schema/tx http://www.springframework.org/schema/tx/spring-tx.xsd http://www.springframework.org/schema/mvc http://www.springframework.org/schema/mvc/spring-mvc-3.0.xsd
http://www.springframework.org/schema/beans http://www.springframework.org/schema/beans/spring-beans-3.0.xsd
http://www.springframework.org/schema/context http://www.springframework.org/schema/context/spring-context-3.0.xsd">
	<!-- enable automatic scanning for beans (@Controller @Service etc) -->
	<context:component-scan base-package="controller" />
	<mvc:annotation-driven/>
	<tx:annotation-driven/>
	<!-- enable the thymeleaf framework -->
	<bean id="templateResolver" class="org.thymeleaf.templateresolver.ServletContextTemplateResolver">
		<property name="prefix" value="/WEB-INF/templates/" />
		<property name="suffix" value=".html" />
		<property name="templateMode" value="HTML5" />
		<!-- Template cache is true by default. Set to false if you want -->
		<!-- templates to be automatically updated when modified.        -->
		<property name="cacheable" value="true" />
	</bean>
	<bean id="templateEngine" class="org.thymeleaf.spring4.SpringTemplateEngine">
		<property name="templateResolver" ref="templateResolver" />
	</bean>
	<bean class="org.thymeleaf.spring4.view.ThymeleafViewResolver">
		<property name="templateEngine" ref="templateEngine" />
	</bean>
	<mvc:resources mapping="/resources/**" location="/WEB-INF/resources/" />
	<mvc:resources mapping="/profil/resources/**" location="/WEB-INF/resources/" />
	<mvc:resources mapping="/bewertet/resources/**" location="/WEB-INF/resources/" />
	<mvc:resources mapping="/sortiereLikes/resources/**" location="/WEB-INF/resources/" />
	<mvc:resources mapping="/sortierDatum/resources/**" location="/WEB-INF/resources/" />
	<mvc:resources mapping="/bewertet/eigenesProfil/resources/**" location="/WEB-INF/resources/" />
	<mvc:resources mapping="/themaLoeschen/resources/**" location="/WEB-INF/resources/" />
	<mvc:resources mapping="/GruppenProfil/resources/**" location="/WEB-INF/resources/"/>
	<mvc:resources mapping="/GruppenBeitreten/resources/**" location="/WEB-INF/resources/"/>
	<mvc:resources mapping="/bewertet/GruppenProfil/resources/**" location="/WEB-INF/resources/"/>
	<mvc:resources mapping="/Loeschen/GruppenProfil/resources/**" location="/WEB-INF/resources/"/>
	<mvc:resources mapping="/TeamcombatBearbeiten/resources/**" location="/WEB-INF/resources/"/>
	<mvc:resources mapping="/Gegnerischegruppe/resources/**" location="/WEB-INF/resources/"/>
	
	<mvc:annotation-driven/>
	<bean id="transactionManager" class="org.springframework.orm.hibernate4.HibernateTransactionManager">
		<property name="sessionFactory" ref="sessionFactory"/>
	</bean>
	<bean id="dataSource" class="org.apache.commons.dbcp2.BasicDataSource" destroy-method="close">
		<property name="driverClassName" value="com.mysql.jdbc.Driver"/>
		<property name="url" value="jdbc:mysql://localhost:3306/db_kaepsele"/>
		<property name="username" value="root"/>
		<property name="password" value="Kaepse1e"/>
	</bean>
	<bean id="sessionFactory" class="org.springframework.orm.hibernate4.LocalSessionFactoryBean">
		<property name="dataSource" ref="dataSource"/>
		<property name="packagesToScan" value="controller"/>
		<property name="hibernateProperties">
			<props>
				<prop key="hibernate.dialect">org.hibernate.dialect.MySQL5Dialect</prop>
				<prop key="hibernate.show_sql">true</prop>
				<prop key="hibernate.hbm2ddl.auto">update</prop>
			</props>
		</property>
	</bean>
	<bean id="multipartResolver" class="org.springframework.web.multipart.commons.CommonsMultipartResolver" />
	<bean id="messageSource" class="org.springframework.context.support.ResourceBundleMessageSource">
		<property name="basename" value="validation" />
	</bean>
</beans>
